num_pkts_in,num_pkts_out,bytes_in,bytes_out,min_packets_length,max_packets_length,mean_packets_length,min_inter_arrival_time,max_inter_arrival_time,mean_inter_arrival_time,cs,c_extensions,c_key_length,sni
6,8,2964,356,29,1430,553,0,30,15,"['c028', 'c027', 'c014', 'c013', '009f', '009e', '0039', '0033', '009d', '009c', '003d', '003c', '0035', '002f', 'c02c', 'c02b', 'c024', 'c023', 'c00a', 'c009', '006a', '0040', '0038', '0032', '000a', '0013']","[{'server_name': '002800002569732d747261636b696e672d6c696e6b2d6170692d70726f642e61707073706f742e636f6d'}, {'status_request': '0100000000'}, {'supported_groups': '000400170018'}, {'ec_point_formats': '0100'}, {'signature_algorithms': '0012040105010601020104030503060302030202'}, {'extended_master_secret': ''}, {'renegotiation_info': '00'}]",528,['is-tracking-link-api-prod.appspot.com']
8,10,3401,729,29,1430,516,0,5782,752,"['c028', 'c027', 'c014', 'c013', '009f', '009e', '0039', '0033', '009d', '009c', '003d', '003c', '0035', '002f', 'c02c', 'c02b', 'c024', 'c023', 'c00a', 'c009', '006a', '0040', '0038', '0032', '000a', '0013']","[{'server_name': '002800002569732d747261636b696e672d6c696e6b2d6170692d70726f642e61707073706f742e636f6d'}, {'status_request': '0100000000'}, {'supported_groups': '000400170018'}, {'ec_point_formats': '0100'}, {'signature_algorithms': '0012040105010601020104030503060302030202'}, {'extended_master_secret': ''}, {'renegotiation_info': '00'}]",528,['is-tracking-link-api-prod.appspot.com']
11,9,7561,832,91,1460,839,0,620,63,"['c028', 'c027', 'c014', 'c013', '009f', '009e', '0039', '0033', '009d', '009c', '003d', '003c', '0035', '002f', 'c02c', 'c02b', 'c024', 'c023', 'c00a', 'c009', '006a', '0040', '0038', '0032', '000a', '0013']","[{'server_name': '000f00000c7777772e62696e672e636f6d'}, {'status_request': '0100000000'}, {'supported_groups': '000400170018'}, {'ec_point_formats': '0100'}, {'signature_algorithms': '0012040105010601020104030503060302030202'}, {'extended_master_secret': ''}, {'renegotiation_info': '00'}]",528,['www.bing.com']
11,9,7561,832,91,1460,839,0,615,63,"['c028', 'c027', 'c014', 'c013', '009f', '009e', '0039', '0033', '009d', '009c', '003d', '003c', '0035', '002f', 'c02c', 'c02b', 'c024', 'c023', 'c00a', 'c009', '006a', '0040', '0038', '0032', '000a', '0013']","[{'server_name': '000f00000c7777772e62696e672e636f6d'}, {'status_request': '0100000000'}, {'supported_groups': '000400170018'}, {'ec_point_formats': '0100'}, {'signature_algorithms': '0012040105010601020104030503060302030202'}, {'extended_master_secret': ''}, {'renegotiation_info': '00'}]",528,['www.bing.com']
8,7,3085,355,6,1460,491,0,17,3,"['c028', 'c027', 'c014', 'c013', '009f', '009e', '0039', '0033', '009d', '009c', '003d', '003c', '0035', '002f', 'c02c', 'c02b', 'c024', 'c023', 'c00a', 'c009', '006a', '0040', '0038', '0032', '000a', '0013']","[{'server_name': '00170000147777772e7375727665796d6f6e6b65792e636f6d'}, {'status_request': '0100000000'}, {'supported_groups': '000400170018'}, {'ec_point_formats': '0100'}, {'signature_algorithms': '0012040105010601020104030503060302030202'}, {'extended_master_secret': ''}, {'renegotiation_info': '00'}]",528,['www.surveymonkey.com']
22,12,19319,1229,6,1460,978,0,1839,111,"['c028', 'c027', 'c014', 'c013', '009f', '009e', '0039', '0033', '009d', '009c', '003d', '003c', '0035', '002f', 'c02c', 'c02b', 'c024', 'c023', 'c00a', 'c009', '006a', '0040', '0038', '0032', '000a', '0013']","[{'server_name': '00170000147777772e7375727665796d6f6e6b65792e636f6d'}, {'status_request': '0100000000'}, {'supported_groups': '000400170018'}, {'ec_point_formats': '0100'}, {'signature_algorithms': '0012040105010601020104030503060302030202'}, {'extended_master_secret': ''}, {'renegotiation_info': '00'}]",528,['www.surveymonkey.com']
9,11,4622,740,34,1430,536,0,411,49,"['c028', 'c027', 'c014', 'c013', '009f', '009e', '0039', '0033', '009d', '009c', '003d', '003c', '0035', '002f', 'c02c', 'c02b', 'c024', 'c023', 'c00a', 'c009', '006a', '0040', '0038', '0032', '000a', '0013']","[{'server_name': '0017000014666f6e74732e676f6f676c65617069732e636f6d'}, {'status_request': '0100000000'}, {'supported_groups': '000400170018'}, {'ec_point_formats': '0100'}, {'signature_algorithms': '0012040105010601020104030503060302030202'}, {'extended_master_secret': ''}, {'renegotiation_info': '00'}]",528,['fonts.googleapis.com']
9,11,4651,740,34,1430,539,0,407,49,"['c028', 'c027', 'c014', 'c013', '009f', '009e', '0039', '0033', '009d', '009c', '003d', '003c', '0035', '002f', 'c02c', 'c02b', 'c024', 'c023', 'c00a', 'c009', '006a', '0040', '0038', '0032', '000a', '0013']","[{'server_name': '0017000014666f6e74732e676f6f676c65617069732e636f6d'}, {'status_request': '0100000000'}, {'supported_groups': '000400170018'}, {'ec_point_formats': '0100'}, {'signature_algorithms': '0012040105010601020104030503060302030202'}, {'extended_master_secret': ''}, {'renegotiation_info': '00'}]",528,['fonts.googleapis.com']
8,10,4857,740,51,1430,621,0,402,53,"['c028', 'c027', 'c014', 'c013', '009f', '009e', '0039', '0033', '009d', '009c', '003d', '003c', '0035', '002f', 'c02c', 'c02b', 'c024', 'c023', 'c00a', 'c009', '006a', '0040', '0038', '0032', '000a', '0013']","[{'server_name': '0017000014666f6e74732e676f6f676c65617069732e636f6d'}, {'status_request': '0100000000'}, {'supported_groups': '000400170018'}, {'ec_point_formats': '0100'}, {'signature_algorithms': '0012040105010601020104030503060302030202'}, {'extended_master_secret': ''}, {'renegotiation_info': '00'}]",528,['fonts.googleapis.com']
9,11,5193,850,34,1430,604,0,362,44,"['c028', 'c027', 'c014', 'c013', '009f', '009e', '0039', '0033', '009d', '009c', '003d', '003c', '0035', '002f', 'c02c', 'c02b', 'c024', 'c023', 'c00a', 'c009', '006a', '0040', '0038', '0032', '000a', '0013']","[{'server_name': '0017000014666f6e74732e676f6f676c65617069732e636f6d'}, {'status_request': '0100000000'}, {'supported_groups': '000400170018'}, {'ec_point_formats': '0100'}, {'signature_algorithms': '0012040105010601020104030503060302030202'}, {'extended_master_secret': ''}, {'renegotiation_info': '00'}]",528,['fonts.googleapis.com']
85,36,52350,2120,51,1460,1331,0,470,9,"['c028', 'c027', 'c014', 'c013', '009f', '009e', '0039', '0033', '009d', '009c', '003d', '003c', '0035', '002f', 'c02c', 'c02b', 'c024', 'c023', 'c00a', 'c009', '006a', '0040', '0038', '0032', '000a', '0013']","[{'server_name': '001a0000177365637572652e7375727665796d6f6e6b65792e636f6d'}, {'status_request': '0100000000'}, {'supported_groups': '000400170018'}, {'ec_point_formats': '0100'}, {'signature_algorithms': '0012040105010601020104030503060302030202'}, {'extended_master_secret': ''}, {'renegotiation_info': '00'}]",528,['secure.surveymonkey.com']
77,26,40075,948,51,1460,1367,0,1063,20,"['c028', 'c027', 'c014', 'c013', '009f', '009e', '0039', '0033', '009d', '009c', '003d', '003c', '0035', '002f', 'c02c', 'c02b', 'c024', 'c023', 'c00a', 'c009', '006a', '0040', '0038', '0032', '000a', '0013']","[{'server_name': '001a0000177365637572652e7375727665796d6f6e6b65792e636f6d'}, {'status_request': '0100000000'}, {'supported_groups': '000400170018'}, {'ec_point_formats': '0100'}, {'signature_algorithms': '0012040105010601020104030503060302030202'}, {'extended_master_secret': ''}, {'renegotiation_info': '00'}]",528,['secure.surveymonkey.com']
156,54,18015,2140,51,1460,1328,0,437,9,"['c028', 'c027', 'c014', 'c013', '009f', '009e', '0039', '0033', '009d', '009c', '003d', '003c', '0035', '002f', 'c02c', 'c02b', 'c024', 'c023', 'c00a', 'c009', '006a', '0040', '0038', '0032', '000a', '0013']","[{'server_name': '001a0000177365637572652e7375727665796d6f6e6b65792e636f6d'}, {'status_request': '0100000000'}, {'supported_groups': '000400170018'}, {'ec_point_formats': '0100'}, {'signature_algorithms': '0012040105010601020104030503060302030202'}, {'extended_master_secret': ''}, {'renegotiation_info': '00'}]",528,['secure.surveymonkey.com']
87,37,55104,1535,51,1460,1335,0,385,10,"['c028', 'c027', 'c014', 'c013', '009f', '009e', '0039', '0033', '009d', '009c', '003d', '003c', '0035', '002f', 'c02c', 'c02b', 'c024', 'c023', 'c00a', 'c009', '006a', '0040', '0038', '0032', '000a', '0013']","[{'server_name': '001a0000177365637572652e7375727665796d6f6e6b65792e636f6d'}, {'status_request': '0100000000'}, {'supported_groups': '000400170018'}, {'ec_point_formats': '0100'}, {'signature_algorithms': '0012040105010601020104030503060302030202'}, {'extended_master_secret': ''}, {'renegotiation_info': '00'}]",528,['secure.surveymonkey.com']
79,32,39512,1534,51,1460,1343,0,462,9,"['c028', 'c027', 'c014', 'c013', '009f', '009e', '0039', '0033', '009d', '009c', '003d', '003c', '0035', '002f', 'c02c', 'c02b', 'c024', 'c023', 'c00a', 'c009', '006a', '0040', '0038', '0032', '000a', '0013']","[{'server_name': '001a0000177365637572652e7375727665796d6f6e6b65792e636f6d'}, {'status_request': '0100000000'}, {'supported_groups': '000400170018'}, {'ec_point_formats': '0100'}, {'signature_algorithms': '0012040105010601020104030503060302030202'}, {'extended_master_secret': ''}, {'renegotiation_info': '00'}]",null,['secure.surveymonkey.com']
6,7,3690,314,51,1430,667,0,51,18,"['c028', 'c027', 'c014', 'c013', '009f', '009e', '0039', '0033', '009d', '009c', '003d', '003c', '0035', '002f', 'c02c', 'c02b', 'c024', 'c023', 'c00a', 'c009', '006a', '0040', '0038', '0032', '000a', '0013']","[{'server_name': '0016000013616a61782e676f6f676c65617069732e636f6d'}, {'status_request': '0100000000'}, {'supported_groups': '000400170018'}, {'ec_point_formats': '0100'}, {'signature_algorithms': '0012040105010601020104030503060302030202'}, {'extended_master_secret': ''}, {'renegotiation_info': '00'}]",528,['ajax.googleapis.com']
7,9,3887,819,51,1430,588,0,142,34,"['c028', 'c027', 'c014', 'c013', '009f', '009e', '0039', '0033', '009d', '009c', '003d', '003c', '0035', '002f', 'c02c', 'c02b', 'c024', 'c023', 'c00a', 'c009', '006a', '0040', '0038', '0032', '000a', '0013']","[{'server_name': '0016000013616a61782e676f6f676c65617069732e636f6d'}, {'status_request': '0100000000'}, {'supported_groups': '000400170018'}, {'ec_point_formats': '0100'}, {'signature_algorithms': '0012040105010601020104030503060302030202'}, {'extended_master_secret': ''}, {'renegotiation_info': '00'}]",528,['ajax.googleapis.com']
10,10,3421,355,6,1432,377,0,117,18,"['c028', 'c027', 'c014', 'c013', '009f', '009e', '0039', '0033', '009d', '009c', '003d', '003c', '0035', '002f', 'c02c', 'c02b', 'c024', 'c023', 'c00a', 'c009', '006a', '0040', '0038', '0032', '000a', '0013']","[{'server_name': '00270000247375727665796d6f6e6b65792d6173736574732e73332e616d617a6f6e6177732e636f6d'}, {'status_request': '0100000000'}, {'supported_groups': '000400170018'}, {'ec_point_formats': '0100'}, {'signature_algorithms': '0012040105010601020104030503060302030202'}, {'extended_master_secret': ''}, {'renegotiation_info': '00'}]",528,['surveymonkey-assets.s3.amazonaws.com']
20,15,13580,888,6,1432,723,0,5470,300,"['c028', 'c027', 'c014', 'c013', '009f', '009e', '0039', '0033', '009d', '009c', '003d', '003c', '0035', '002f', 'c02c', 'c02b', 'c024', 'c023', 'c00a', 'c009', '006a', '0040', '0038', '0032', '000a', '0013']","[{'server_name': '00270000247375727665796d6f6e6b65792d6173736574732e73332e616d617a6f6e6177732e636f6d'}, {'status_request': '0100000000'}, {'supported_groups': '000400170018'}, {'ec_point_formats': '0100'}, {'signature_algorithms': '0012040105010601020104030503060302030202'}, {'extended_master_secret': ''}, {'renegotiation_info': '00'}]",528,['surveymonkey-assets.s3.amazonaws.com']
6,7,3008,343,73,1430,558,0,20,4,"['c028', 'c027', 'c014', 'c013', '009f', '009e', '0039', '0033', '009d', '009c', '003d', '003c', '0035', '002f', 'c02c', 'c02b', 'c024', 'c023', 'c00a', 'c009', '006a', '0040', '0038', '0032', '000a', '0013']","[{'server_name': '001b0000187777772e676f6f676c652d616e616c79746963732e636f6d'}, {'status_request': '0100000000'}, {'supported_groups': '000400170018'}, {'ec_point_formats': '0100'}, {'signature_algorithms': '0012040105010601020104030503060302030202'}, {'extended_master_secret': ''}, {'renegotiation_info': '00'}]",528,['www.google-analytics.com']
40,32,47860,3051,73,1430,1157,0,184,12,"['c028', 'c027', 'c014', 'c013', '009f', '009e', '0039', '0033', '009d', '009c', '003d', '003c', '0035', '002f', 'c02c', 'c02b', 'c024', 'c023', 'c00a', 'c009', '006a', '0040', '0038', '0032', '000a', '0013']","[{'server_name': '001b0000187777772e676f6f676c652d616e616c79746963732e636f6d'}, {'status_request': '0100000000'}, {'supported_groups': '000400170018'}, {'ec_point_formats': '0100'}, {'signature_algorithms': '0012040105010601020104030503060302030202'}, {'extended_master_secret': ''}, {'renegotiation_info': '00'}]",528,['www.google-analytics.com']
6,8,3008,343,73,1430,558,0,51,18,"['c028', 'c027', 'c014', 'c013', '009f', '009e', '0039', '0033', '009d', '009c', '003d', '003c', '0035', '002f', 'c02c', 'c02b', 'c024', 'c023', 'c00a', 'c009', '006a', '0040', '0038', '0032', '000a', '0013']","[{'server_name': '001b0000187777772e676f6f676c657461676d616e616765722e636f6d'}, {'status_request': '0100000000'}, {'supported_groups': '000400170018'}, {'ec_point_formats': '0100'}, {'signature_algorithms': '0012040105010601020104030503060302030202'}, {'extended_master_secret': ''}, {'renegotiation_info': '00'}]",528,['www.googletagmanager.com']
42,32,53561,812,73,1430,1264,0,181,5,"['c028', 'c027', 'c014', 'c013', '009f', '009e', '0039', '0033', '009d', '009c', '003d', '003c', '0035', '002f', 'c02c', 'c02b', 'c024', 'c023', 'c00a', 'c009', '006a', '0040', '0038', '0032', '000a', '0013']","[{'server_name': '001b0000187777772e676f6f676c657461676d616e616765722e636f6d'}, {'status_request': '0100000000'}, {'supported_groups': '000400170018'}, {'ec_point_formats': '0100'}, {'signature_algorithms': '0012040105010601020104030503060302030202'}, {'extended_master_secret': ''}, {'renegotiation_info': '00'}]",528,['www.googletagmanager.com']
16,9,17066,825,91,1460,1052,0,347,23,"['c028', 'c027', 'c014', 'c013', '009f', '009e', '0039', '0033', '009d', '009c', '003d', '003c', '0035', '002f', 'c02c', 'c02b', 'c024', 'c023', 'c00a', 'c009', '006a', '0040', '0038', '0032', '000a', '0013']","[{'server_name': '00180000156a732d6167656e742e6e657772656c69632e636f6d'}, {'status_request': '0100000000'}, {'supported_groups': '000400170018'}, {'ec_point_formats': '0100'}, {'signature_algorithms': '0012040105010601020104030503060302030202'}, {'extended_master_secret': ''}, {'renegotiation_info': '00'}]",528,['js-agent.newrelic.com']
8,7,6902,356,91,1460,907,0,47,6,"['c028', 'c027', 'c014', 'c013', '009f', '009e', '0039', '0033', '009d', '009c', '003d', '003c', '0035', '002f', 'c02c', 'c02b', 'c024', 'c023', 'c00a', 'c009', '006a', '0040', '0038', '0032', '000a', '0013']","[{'server_name': '00180000156a732d6167656e742e6e657772656c69632e636f6d'}, {'status_request': '0100000000'}, {'supported_groups': '000400170018'}, {'ec_point_formats': '0100'}, {'signature_algorithms': '0012040105010601020104030503060302030202'}, {'extended_master_secret': ''}, {'renegotiation_info': '00'}]",528,['js-agent.newrelic.com']
9,7,6916,347,91,1460,907,0,32,6,"['c028', 'c027', 'c014', 'c013', '009f', '009e', '0039', '0033', '009d', '009c', '003d', '003c', '0035', '002f', 'c02c', 'c02b', 'c024', 'c023', 'c00a', 'c009', '006a', '0040', '0038', '0032', '000a', '0013']","[{'server_name': '000f00000c6261742e62696e672e636f6d'}, {'status_request': '0100000000'}, {'supported_groups': '000400170018'}, {'ec_point_formats': '0100'}, {'signature_algorithms': '0012040105010601020104030503060302030202'}, {'extended_master_secret': ''}, {'renegotiation_info': '00'}]",528,['bat.bing.com']
18,13,15027,2229,91,1460,1015,0,338,23,"['c028', 'c027', 'c014', 'c013', '009f', '009e', '0039', '0033', '009d', '009c', '003d', '003c', '0035', '002f', 'c02c', 'c02b', 'c024', 'c023', 'c00a', 'c009', '006a', '0040', '0038', '0032', '000a', '0013']","[{'server_name': '000f00000c6261742e62696e672e636f6d'}, {'status_request': '0100000000'}, {'supported_groups': '000400170018'}, {'ec_point_formats': '0100'}, {'signature_algorithms': '0012040105010601020104030503060302030202'}, {'extended_master_secret': ''}, {'renegotiation_info': '00'}]",528,['bat.bing.com']
10,9,8957,856,107,1460,892,0,26,5,"['c028', 'c027', 'c014', 'c013', '009f', '009e', '0039', '0033', '009d', '009c', '003d', '003c', '0035', '002f', 'c02c', 'c02b', 'c024', 'c023', 'c00a', 'c009', '006a', '0040', '0038', '0032', '000a', '0013']","[{'server_name': '0017000014736a732e62697a6f67726170686963732e636f6d'}, {'status_request': '0100000000'}, {'supported_groups': '000400170018'}, {'ec_point_formats': '0100'}, {'signature_algorithms': '0012040105010601020104030503060302030202'}, {'extended_master_secret': ''}, {'renegotiation_info': '00'}]",528,['sjs.bizographics.com']
6,6,3992,371,107,1460,727,0,40,9,"['c028', 'c027', 'c014', 'c013', '009f', '009e', '0039', '0033', '009d', '009c', '003d', '003c', '0035', '002f', 'c02c', 'c02b', 'c024', 'c023', 'c00a', 'c009', '006a', '0040', '0038', '0032', '000a', '0013']","[{'server_name': '0017000014736a732e62697a6f67726170686963732e636f6d'}, {'status_request': '0100000000'}, {'supported_groups': '000400170018'}, {'ec_point_formats': '0100'}, {'signature_algorithms': '0012040105010601020104030503060302030202'}, {'extended_master_secret': ''}, {'renegotiation_info': '00'}]",528,['sjs.bizographics.com']
5,6,2834,343,75,1430,635,0,100,29,"['c028', 'c027', 'c014', 'c013', '009f', '009e', '0039', '0033', '009d', '009c', '003d', '003c', '0035', '002f', 'c02c', 'c02b', 'c024', 'c023', 'c00a', 'c009', '006a', '0040', '0038', '0032', '000a', '0013']","[{'server_name': '001b0000187777772e676f6f676c65616473657276696365732e636f6d'}, {'status_request': '0100000000'}, {'supported_groups': '000400170018'}, {'ec_point_formats': '0100'}, {'signature_algorithms': '0012040105010601020104030503060302030202'}, {'extended_master_secret': ''}, {'renegotiation_info': '00'}]",528,['www.googleadservices.com']
13,12,13103,844,75,1430,996,0,472,44,"['c028', 'c027', 'c014', 'c013', '009f', '009e', '0039', '0033', '009d', '009c', '003d', '003c', '0035', '002f', 'c02c', 'c02b', 'c024', 'c023', 'c00a', 'c009', '006a', '0040', '0038', '0032', '000a', '0013']","[{'server_name': '001b0000187777772e676f6f676c65616473657276696365732e636f6d'}, {'status_request': '0100000000'}, {'supported_groups': '000400170018'}, {'ec_point_formats': '0100'}, {'signature_algorithms': '0012040105010601020104030503060302030202'}, {'extended_master_secret': ''}, {'renegotiation_info': '00'}]",528,['www.googleadservices.com']
7,8,4870,351,91,1460,745,0,23,6,"['c028', 'c027', 'c014', 'c013', '009f', '009e', '0039', '0033', '009d', '009c', '003d', '003c', '0035', '002f', 'c02c', 'c02b', 'c024', 'c023', 'c00a', 'c009', '006a', '0040', '0038', '0032', '000a', '0013']","[{'server_name': '0013000010742e6d7976697375616c69712e6e6574'}, {'status_request': '0100000000'}, {'supported_groups': '000400170018'}, {'ec_point_formats': '0100'}, {'signature_algorithms': '0012040105010601020104030503060302030202'}, {'extended_master_secret': ''}, {'renegotiation_info': '00'}]",528,['t.myvisualiq.net']
8,9,5531,1044,91,1460,730,0,2119,240,"['c028', 'c027', 'c014', 'c013', '009f', '009e', '0039', '0033', '009d', '009c', '003d', '003c', '0035', '002f', 'c02c', 'c02b', 'c024', 'c023', 'c00a', 'c009', '006a', '0040', '0038', '0032', '000a', '0013']","[{'server_name': '0013000010742e6d7976697375616c69712e6e6574'}, {'status_request': '0100000000'}, {'supported_groups': '000400170018'}, {'ec_point_formats': '0100'}, {'signature_algorithms': '0012040105010601020104030503060302030202'}, {'extended_master_secret': ''}, {'renegotiation_info': '00'}]",528,['t.myvisualiq.net']
13,11,10599,773,40,1460,812,0,330,30,"['c028', 'c027', 'c014', 'c013', '009f', '009e', '0039', '0033', '009d', '009c', '003d', '003c', '0035', '002f', 'c02c', 'c02b', 'c024', 'c023', 'c00a', 'c009', '006a', '0040', '0038', '0032', '000a', '0013']","[{'server_name': '000d00000a732e79696d672e636f6d'}, {'status_request': '0100000000'}, {'supported_groups': '000400170018'}, {'ec_point_formats': '0100'}, {'signature_algorithms': '0012040105010601020104030503060302030202'}, {'extended_master_secret': ''}, {'renegotiation_info': '00'}]",528,['s.yimg.com']
7,8,4974,305,51,1460,754,0,20,8,"['c028', 'c027', 'c014', 'c013', '009f', '009e', '0039', '0033', '009d', '009c', '003d', '003c', '0035', '002f', 'c02c', 'c02b', 'c024', 'c023', 'c00a', 'c009', '006a', '0040', '0038', '0032', '000a', '0013']","[{'server_name': '000d00000a732e79696d672e636f6d'}, {'status_request': '0100000000'}, {'supported_groups': '000400170018'}, {'ec_point_formats': '0100'}, {'signature_algorithms': '0012040105010601020104030503060302030202'}, {'extended_master_secret': ''}, {'renegotiation_info': '00'}]",528,['s.yimg.com']
5,6,3479,357,91,1460,639,0,28,11,"['c028', 'c027', 'c014', 'c013', '009f', '009e', '0039', '0033', '009d', '009c', '003d', '003c', '0035', '002f', 'c02c', 'c02b', 'c024', 'c023', 'c00a', 'c009', '006a', '0040', '0038', '0032', '000a', '0013']","[{'server_name': '00190000167374617469632e6164732d747769747465722e636f6d'}, {'status_request': '0100000000'}, {'supported_groups': '000400170018'}, {'ec_point_formats': '0100'}, {'signature_algorithms': '0012040105010601020104030503060302030202'}, {'extended_master_secret': ''}, {'renegotiation_info': '00'}]",528,['static.ads-twitter.com']
7,8,6060,810,91,1460,763,0,528,72,"['c028', 'c027', 'c014', 'c013', '009f', '009e', '0039', '0033', '009d', '009c', '003d', '003c', '0035', '002f', 'c02c', 'c02b', 'c024', 'c023', 'c00a', 'c009', '006a', '0040', '0038', '0032', '000a', '0013']","[{'server_name': '00190000167374617469632e6164732d747769747465722e636f6d'}, {'status_request': '0100000000'}, {'supported_groups': '000400170018'}, {'ec_point_formats': '0100'}, {'signature_algorithms': '0012040105010601020104030503060302030202'}, {'extended_master_secret': ''}, {'renegotiation_info': '00'}]",528,['static.ads-twitter.com']
7,7,5744,359,91,1460,871,0,49,10,"['c028', 'c027', 'c014', 'c013', '009f', '009e', '0039', '0033', '009d', '009c', '003d', '003c', '0035', '002f', 'c02c', 'c02b', 'c024', 'c023', 'c00a', 'c009', '006a', '0040', '0038', '0032', '000a', '0013']","[{'server_name': '001b000018642e696d706163747261646975732d6576656e742e636f6d'}, {'status_request': '0100000000'}, {'supported_groups': '000400170018'}, {'ec_point_formats': '0100'}, {'signature_algorithms': '0012040105010601020104030503060302030202'}, {'extended_master_secret': ''}, {'renegotiation_info': '00'}]",528,['d.impactradius-event.com']
16,16,17903,860,91,1460,1103,0,1272,78,"['c028', 'c027', 'c014', 'c013', '009f', '009e', '0039', '0033', '009d', '009c', '003d', '003c', '0035', '002f', 'c02c', 'c02b', 'c024', 'c023', 'c00a', 'c009', '006a', '0040', '0038', '0032', '000a', '0013']","[{'server_name': '001b000018642e696d706163747261646975732d6576656e742e636f6d'}, {'status_request': '0100000000'}, {'supported_groups': '000400170018'}, {'ec_point_formats': '0100'}, {'signature_algorithms': '0012040105010601020104030503060302030202'}, {'extended_master_secret': ''}, {'renegotiation_info': '00'}]",528,['d.impactradius-event.com']
5,7,2628,318,51,1430,589,0,71,28,"['c028', 'c027', 'c014', 'c013', '009f', '009e', '0039', '0033', '009d', '009c', '003d', '003c', '0035', '002f', 'c02c', 'c02b', 'c024', 'c023', 'c00a', 'c009', '006a', '0040', '0038', '0032', '000a', '0013']","[{'server_name': '001a00001773746174732e672e646f75626c65636c69636b2e6e6574'}, {'status_request': '0100000000'}, {'supported_groups': '000400170018'}, {'ec_point_formats': '0100'}, {'signature_algorithms': '0012040105010601020104030503060302030202'}, {'extended_master_secret': ''}, {'renegotiation_info': '00'}]",528,['stats.g.doubleclick.net']
6,8,3610,917,51,1430,646,0,1203,183,"['c028', 'c027', 'c014', 'c013', '009f', '009e', '0039', '0033', '009d', '009c', '003d', '003c', '0035', '002f', 'c02c', 'c02b', 'c024', 'c023', 'c00a', 'c009', '006a', '0040', '0038', '0032', '000a', '0013']","[{'server_name': '001a00001773746174732e672e646f75626c65636c69636b2e6e6574'}, {'status_request': '0100000000'}, {'supported_groups': '000400170018'}, {'ec_point_formats': '0100'}, {'signature_algorithms': '0012040105010601020104030503060302030202'}, {'extended_master_secret': ''}, {'renegotiation_info': '00'}]",528,['stats.g.doubleclick.net']
7,6,2999,350,91,1400,558,0,119,31,"['c028', 'c027', 'c014', 'c013', '009f', '009e', '0039', '0033', '009d', '009c', '003d', '003c', '0035', '002f', 'c02c', 'c02b', 'c024', 'c023', 'c00a', 'c009', '006a', '0040', '0038', '0032', '000a', '0013']","[{'server_name': '001200000f62616d2e6e722d646174612e6e6574'}, {'status_request': '0100000000'}, {'supported_groups': '000400170018'}, {'ec_point_formats': '0100'}, {'signature_algorithms': '0012040105010601020104030503060302030202'}, {'extended_master_secret': ''}, {'renegotiation_info': '00'}]",528,['bam.nr-data.net']
10,8,3324,1331,6,1400,517,0,1043,128,"['c028', 'c027', 'c014', 'c013', '009f', '009e', '0039', '0033', '009d', '009c', '003d', '003c', '0035', '002f', 'c02c', 'c02b', 'c024', 'c023', 'c00a', 'c009', '006a', '0040', '0038', '0032', '000a', '0013']","[{'server_name': '001200000f62616d2e6e722d646174612e6e6574'}, {'status_request': '0100000000'}, {'supported_groups': '000400170018'}, {'ec_point_formats': '0100'}, {'signature_algorithms': '0012040105010601020104030503060302030202'}, {'extended_master_secret': ''}, {'renegotiation_info': '00'}]",528,['bam.nr-data.net']
6,6,3717,506,51,1460,703,0,301,54,"['c028', 'c027', 'c014', 'c013', '009f', '009e', '0039', '0033', '009d', '009c', '003d', '003c', '0035', '002f', 'c02c', 'c02b', 'c024', 'c023', 'c00a', 'c009', '006a', '0040', '0038', '0032', '000a', '0013']","[{'server_name': '001600001370782e6164732e6c696e6b6564696e2e636f6d'}, {'status_request': '0100000000'}, {'supported_groups': '000400170018'}, {'ec_point_formats': '0100'}, {'signature_algorithms': '0012040105010601020104030503060302030202'}, {'extended_master_secret': ''}, {'renegotiation_info': '00'}]",2064,['px.ads.linkedin.com']
13,12,5961,3084,49,1460,603,0,619,83,"['c028', 'c027', 'c014', 'c013', '009f', '009e', '0039', '0033', '009d', '009c', '003d', '003c', '0035', '002f', 'c02c', 'c02b', 'c024', 'c023', 'c00a', 'c009', '006a', '0040', '0038', '0032', '000a', '0013']","[{'server_name': '001600001370782e6164732e6c696e6b6564696e2e636f6d'}, {'status_request': '0100000000'}, {'supported_groups': '000400170018'}, {'ec_point_formats': '0100'}, {'signature_algorithms': '0012040105010601020104030503060302030202'}, {'extended_master_secret': ''}, {'renegotiation_info': '00'}]",2064,['px.ads.linkedin.com']
7,8,4749,1130,91,1460,734,0,203,37,"['c028', 'c027', 'c014', 'c013', '009f', '009e', '0039', '0033', '009d', '009c', '003d', '003c', '0035', '002f', 'c02c', 'c02b', 'c024', 'c023', 'c00a', 'c009', '006a', '0040', '0038', '0032', '000a', '0013']","[{'server_name': '001900001673702e616e616c79746963732e7961686f6f2e636f6d'}, {'status_request': '0100000000'}, {'supported_groups': '000400170018'}, {'ec_point_formats': '0100'}, {'signature_algorithms': '0012040105010601020104030503060302030202'}, {'extended_master_secret': ''}, {'renegotiation_info': '00'}]",528,['sp.analytics.yahoo.com']
6,6,3928,357,91,1460,714,0,386,80,"['c028', 'c027', 'c014', 'c013', '009f', '009e', '0039', '0033', '009d', '009c', '003d', '003c', '0035', '002f', 'c02c', 'c02b', 'c024', 'c023', 'c00a', 'c009', '006a', '0040', '0038', '0032', '000a', '0013']","[{'server_name': '001900001673702e616e616c79746963732e7961686f6f2e636f6d'}, {'status_request': '0100000000'}, {'supported_groups': '000400170018'}, {'ec_point_formats': '0100'}, {'signature_algorithms': '0012040105010601020104030503060302030202'}, {'extended_master_secret': ''}, {'renegotiation_info': '00'}]",528,['sp.analytics.yahoo.com']
6,6,3511,356,91,1460,644,0,26,9,"['c028', 'c027', 'c014', 'c013', '009f', '009e', '0039', '0033', '009d', '009c', '003d', '003c', '0035', '002f', 'c02c', 'c02b', 'c024', 'c023', 'c00a', 'c009', '006a', '0040', '0038', '0032', '000a', '0013']","[{'server_name': '0018000015616e616c79746963732e747769747465722e636f6d'}, {'status_request': '0100000000'}, {'supported_groups': '000400170018'}, {'ec_point_formats': '0100'}, {'signature_algorithms': '0012040105010601020104030503060302030202'}, {'extended_master_secret': ''}, {'renegotiation_info': '00'}]",528,['analytics.twitter.com']
7,8,4172,1241,91,1460,676,0,394,57,"['c028', 'c027', 'c014', 'c013', '009f', '009e', '0039', '0033', '009d', '009c', '003d', '003c', '0035', '002f', 'c02c', 'c02b', 'c024', 'c023', 'c00a', 'c009', '006a', '0040', '0038', '0032', '000a', '0013']","[{'server_name': '0018000015616e616c79746963732e747769747465722e636f6d'}, {'status_request': '0100000000'}, {'supported_groups': '000400170018'}, {'ec_point_formats': '0100'}, {'signature_algorithms': '0012040105010601020104030503060302030202'}, {'extended_master_secret': ''}, {'renegotiation_info': '00'}]",528,['analytics.twitter.com']
6,6,3368,343,91,1460,618,0,122,28,"['c028', 'c027', 'c014', 'c013', '009f', '009e', '0039', '0033', '009d', '009c', '003d', '003c', '0035', '002f', 'c02c', 'c02b', 'c024', 'c023', 'c00a', 'c009', '006a', '0040', '0038', '0032', '000a', '0013', '0005', '0004']","[{'server_name': '0007000004742e636f'}, {'status_request': '0100000000'}, {'supported_groups': '000400170018'}, {'ec_point_formats': '0100'}, {'signature_algorithms': '0012040105010601020104030503060302030202'}, {'extended_master_secret': ''}, {'renegotiation_info': '00'}]",528,['t.co']
7,8,4029,940,91,1460,621,0,337,73,"['c028', 'c027', 'c014', 'c013', '009f', '009e', '0039', '0033', '009d', '009c', '003d', '003c', '0035', '002f', 'c02c', 'c02b', 'c024', 'c023', 'c00a', 'c009', '006a', '0040', '0038', '0032', '000a', '0013', '0005', '0004']","[{'server_name': '0007000004742e636f'}, {'status_request': '0100000000'}, {'supported_groups': '000400170018'}, {'ec_point_formats': '0100'}, {'signature_algorithms': '0012040105010601020104030503060302030202'}, {'extended_master_secret': ''}, {'renegotiation_info': '00'}]",528,['t.co']
5,7,2628,322,51,1430,590,0,54,24,"['c028', 'c027', 'c014', 'c013', '009f', '009e', '0039', '0033', '009d', '009c', '003d', '003c', '0035', '002f', 'c02c', 'c02b', 'c024', 'c023', 'c00a', 'c009', '006a', '0040', '0038', '0032', '000a', '0013']","[{'server_name': '001e00001b676f6f676c656164732e672e646f75626c65636c69636b2e6e6574'}, {'status_request': '0100000000'}, {'supported_groups': '000400170018'}, {'ec_point_formats': '0100'}, {'signature_algorithms': '0012040105010601020104030503060302030202'}, {'extended_master_secret': ''}, {'renegotiation_info': '00'}]",528,['googleads.g.doubleclick.net']
7,10,4545,1185,51,1430,716,0,52,15,"['c028', 'c027', 'c014', 'c013', '009f', '009e', '0039', '0033', '009d', '009c', '003d', '003c', '0035', '002f', 'c02c', 'c02b', 'c024', 'c023', 'c00a', 'c009', '006a', '0040', '0038', '0032', '000a', '0013']","[{'server_name': '001e00001b676f6f676c656164732e672e646f75626c65636c69636b2e6e6574'}, {'status_request': '0100000000'}, {'supported_groups': '000400170018'}, {'ec_point_formats': '0100'}, {'signature_algorithms': '0012040105010601020104030503060302030202'}, {'extended_master_secret': ''}, {'renegotiation_info': '00'}]",528,['googleads.g.doubleclick.net']
6,6,4264,503,51,1460,794,0,250,48,"['c028', 'c027', 'c014', 'c013', '009f', '009e', '0039', '0033', '009d', '009c', '003d', '003c', '0035', '002f', 'c02c', 'c02b', 'c024', 'c023', 'c00a', 'c009', '006a', '0040', '0038', '0032', '000a', '0013']","[{'server_name': '00130000107777772e6c696e6b6564696e2e636f6d'}, {'status_request': '0100000000'}, {'supported_groups': '000400170018'}, {'ec_point_formats': '0100'}, {'signature_algorithms': '0012040105010601020104030503060302030202'}, {'extended_master_secret': ''}, {'renegotiation_info': '00'}]",2064,['www.linkedin.com']
10,9,6399,1628,49,1460,802,0,201,41,"['c028', 'c027', 'c014', 'c013', '009f', '009e', '0039', '0033', '009d', '009c', '003d', '003c', '0035', '002f', 'c02c', 'c02b', 'c024', 'c023', 'c00a', 'c009', '006a', '0040', '0038', '0032', '000a', '0013']","[{'server_name': '00130000107777772e6c696e6b6564696e2e636f6d'}, {'status_request': '0100000000'}, {'supported_groups': '000400170018'}, {'ec_point_formats': '0100'}, {'signature_algorithms': '0012040105010601020104030503060302030202'}, {'extended_master_secret': ''}, {'renegotiation_info': '00'}]",2064,['www.linkedin.com']
6,9,2968,850,51,1430,545,0,487,89,"['c028', 'c027', 'c014', 'c013', '009f', '009e', '0039', '0033', '009d', '009c', '003d', '003c', '0035', '002f', 'c02c', 'c02b', 'c024', 'c023', 'c00a', 'c009', '006a', '0040', '0038', '0032', '000a', '0013']","[{'server_name': '001100000e7777772e676f6f676c652e636f6d'}, {'status_request': '0100000000'}, {'supported_groups': '000400170018'}, {'ec_point_formats': '0100'}, {'signature_algorithms': '0012040105010601020104030503060302030202'}, {'extended_master_secret': ''}, {'renegotiation_info': '00'}]",528,['www.google.com']
6,8,2969,1210,51,1430,597,0,455,86,"['c028', 'c027', 'c014', 'c013', '009f', '009e', '0039', '0033', '009d', '009c', '003d', '003c', '0035', '002f', 'c02c', 'c02b', 'c024', 'c023', 'c00a', 'c009', '006a', '0040', '0038', '0032', '000a', '0013']","[{'server_name': '001100000e7777772e676f6f676c652e636f6d'}, {'status_request': '0100000000'}, {'supported_groups': '000400170018'}, {'ec_point_formats': '0100'}, {'signature_algorithms': '0012040105010601020104030503060302030202'}, {'extended_master_secret': ''}, {'renegotiation_info': '00'}]",528,['www.google.com']
7,8,3631,827,51,1410,557,0,325,56,"['c028', 'c027', 'c014', 'c013', '009f', '009e', '0039', '0033', '009d', '009c', '003d', '003c', '0035', '002f', 'c02c', 'c02b', 'c024', 'c023', 'c00a', 'c009', '006a', '0040', '0038', '0032', '000a', '0013']","[{'server_name': '00130000107777772e66616365626f6f6b2e636f6d'}, {'status_request': '0100000000'}, {'supported_groups': '000400170018'}, {'ec_point_formats': '0100'}, {'signature_algorithms': '0012040105010601020104030503060302030202'}, {'extended_master_secret': ''}, {'renegotiation_info': '00'}]",528,['www.facebook.com']
6,6,3126,311,51,1410,572,0,373,69,"['c028', 'c027', 'c014', 'c013', '009f', '009e', '0039', '0033', '009d', '009c', '003d', '003c', '0035', '002f', 'c02c', 'c02b', 'c024', 'c023', 'c00a', 'c009', '006a', '0040', '0038', '0032', '000a', '0013']","[{'server_name': '00130000107777772e66616365626f6f6b2e636f6d'}, {'status_request': '0100000000'}, {'supported_groups': '000400170018'}, {'ec_point_formats': '0100'}, {'signature_algorithms': '0012040105010601020104030503060302030202'}, {'extended_master_secret': ''}, {'renegotiation_info': '00'}]",528,['www.facebook.com']
6,6,176,275,31,224,112,0,19935,4991,"['c028', 'c027', 'c014', 'c013', '009f', '009e', '0039', '0033', '009d', '009c', '003d', '003c', '0035', '002f', 'c02c', 'c02b', 'c024', 'c023', 'c00a', 'c009', '006a', '0040', '0038', '0032', '000a', '0013']","[{'server_name': '001a0000177365637572652e7375727665796d6f6e6b65792e636f6d'}, {'status_request': '0100000000'}, {'supported_groups': '000400170018'}, {'ec_point_formats': '0100'}, {'signature_algorithms': '0012040105010601020104030503060302030202'}, {'extended_master_secret': ''}, {'renegotiation_info': '00'}]",null,['secure.surveymonkey.com']
22,10,25457,666,107,1460,1135,0,338,15,"['c028', 'c027', 'c014', 'c013', '009f', '009e', '0039', '0033', '009d', '009c', '003d', '003c', '0035', '002f', 'c02c', 'c02b', 'c024', 'c023', 'c00a', 'c009', '006a', '0040', '0038', '0032', '000a', '0013']","[{'server_name': '0019000016696563766c6973742e6d6963726f736f66742e636f6d'}, {'status_request': '0100000000'}, {'supported_groups': '000400170018'}, {'ec_point_formats': '0100'}, {'signature_algorithms': '0012040105010601020104030503060302030202'}, {'extended_master_secret': ''}, {'renegotiation_info': '00'}]",528,['iecvlist.microsoft.com']
10,8,9015,375,107,1460,939,0,49,5,"['c028', 'c027', 'c014', 'c013', '009f', '009e', '0039', '0033', '009d', '009c', '003d', '003c', '0035', '002f', 'c02c', 'c02b', 'c024', 'c023', 'c00a', 'c009', '006a', '0040', '0038', '0032', '000a', '0013']","[{'server_name': '001b00001872323073776a31336d722e6d6963726f736f66742e636f6d'}, {'status_request': '0100000000'}, {'supported_groups': '000400170018'}, {'ec_point_formats': '0100'}, {'signature_algorithms': '0012040105010601020104030503060302030202'}, {'extended_master_secret': ''}, {'renegotiation_info': '00'}]",528,['r20swj13mr.microsoft.com']
11,10,9617,716,107,1460,861,0,243,24,"['c028', 'c027', 'c014', 'c013', '009f', '009e', '0039', '0033', '009d', '009c', '003d', '003c', '0035', '002f', 'c02c', 'c02b', 'c024', 'c023', 'c00a', 'c009', '006a', '0040', '0038', '0032', '000a', '0013']","[{'server_name': '001b00001872323073776a31336d722e6d6963726f736f66742e636f6d'}, {'status_request': '0100000000'}, {'supported_groups': '000400170018'}, {'ec_point_formats': '0100'}, {'signature_algorithms': '0012040105010601020104030503060302030202'}, {'extended_master_secret': ''}, {'renegotiation_info': '00'}]",528,['r20swj13mr.microsoft.com']
11,10,9452,666,107,1460,843,0,11,2,"['c028', 'c027', 'c014', 'c013', '009f', '009e', '0039', '0033', '009d', '009c', '003d', '003c', '0035', '002f', 'c02c', 'c02b', 'c024', 'c023', 'c00a', 'c009', '006a', '0040', '0038', '0032', '000a', '0013']","[{'server_name': '0019000016696563766c6973742e6d6963726f736f66742e636f6d'}, {'status_request': '0100000000'}, {'supported_groups': '000400170018'}, {'ec_point_formats': '0100'}, {'signature_algorithms': '0012040105010601020104030503060302030202'}, {'extended_master_secret': ''}, {'renegotiation_info': '00'}]",528,['iecvlist.microsoft.com']
24,12,26163,666,91,1460,1166,0,17,1,"['c028', 'c027', 'c014', 'c013', '009f', '009e', '0039', '0033', '009d', '009c', '003d', '003c', '0035', '002f', 'c02c', 'c02b', 'c024', 'c023', 'c00a', 'c009', '006a', '0040', '0038', '0032', '000a', '0013']","[{'server_name': '001900001669656f6e6c696e652e6d6963726f736f66742e636f6d'}, {'status_request': '0100000000'}, {'supported_groups': '000400170018'}, {'ec_point_formats': '0100'}, {'signature_algorithms': '0012040105010601020104030503060302030202'}, {'extended_master_secret': ''}, {'renegotiation_info': '00'}]",528,['ieonline.microsoft.com']
9,7,6916,357,91,1460,909,0,27,3,"['c028', 'c027', 'c014', 'c013', '009f', '009e', '0039', '0033', '009d', '009c', '003d', '003c', '0035', '002f', 'c02c', 'c02b', 'c024', 'c023', 'c00a', 'c009', '006a', '0040', '0038', '0032', '000a', '0013']","[{'server_name': '001900001669656f6e6c696e652e6d6963726f736f66742e636f6d'}, {'status_request': '0100000000'}, {'supported_groups': '000400170018'}, {'ec_point_formats': '0100'}, {'signature_algorithms': '0012040105010601020104030503060302030202'}, {'extended_master_secret': ''}, {'renegotiation_info': '00'}]",528,['ieonline.microsoft.com']
8,10,5398,836,107,1460,692,0,304,39,"['c028', 'c027', 'c014', 'c013', '009f', '009e', '0039', '0033', '009d', '009c', '003d', '003c', '0035', '002f', 'c02c', 'c02b', 'c024', 'c023', 'c00a', 'c009', '006a', '0040', '0038', '0032', '000a', '0013']","[{'server_name': '0013000010676f2e6d6963726f736f66742e636f6d'}, {'status_request': '0100000000'}, {'supported_groups': '000400170018'}, {'ec_point_formats': '0100'}, {'signature_algorithms': '0012040105010601020104030503060302030202'}, {'extended_master_secret': ''}, {'renegotiation_info': '00'}]",528,['go.microsoft.com']
7,8,4817,367,107,1460,740,0,25,7,"['c028', 'c027', 'c014', 'c013', '009f', '009e', '0039', '0033', '009d', '009c', '003d', '003c', '0035', '002f', 'c02c', 'c02b', 'c024', 'c023', 'c00a', 'c009', '006a', '0040', '0038', '0032', '000a', '0013']","[{'server_name': '0013000010676f2e6d6963726f736f66742e636f6d'}, {'status_request': '0100000000'}, {'supported_groups': '000400170018'}, {'ec_point_formats': '0100'}, {'signature_algorithms': '0012040105010601020104030503060302030202'}, {'extended_master_secret': ''}, {'renegotiation_info': '00'}]",528,['go.microsoft.com']
12,8,7326,783,69,1460,737,0,302,29,"['c028', 'c027', 'c014', 'c013', '009f', '009e', '0039', '0033', '009d', '009c', '003d', '003c', '0035', '002f', 'c02c', 'c02b', 'c024', 'c023', 'c00a', 'c009', '006a', '0040', '0038', '0032', '000a', '0013']","[{'server_name': '000e00000b7777772e6d736e2e636f6d'}, {'status_request': '0100000000'}, {'supported_groups': '000400170018'}, {'ec_point_formats': '0100'}, {'signature_algorithms': '0012040105010601020104030503060302030202'}, {'extended_master_secret': ''}, {'renegotiation_info': '00'}]",528,['www.msn.com']
8,7,5572,346,91,1460,845,0,18,3,"['c028', 'c027', 'c014', 'c013', '009f', '009e', '0039', '0033', '009d', '009c', '003d', '003c', '0035', '002f', 'c02c', 'c02b', 'c024', 'c023', 'c00a', 'c009', '006a', '0040', '0038', '0032', '000a', '0013']","[{'server_name': '000e00000b7777772e6d736e2e636f6d'}, {'status_request': '0100000000'}, {'supported_groups': '000400170018'}, {'ec_point_formats': '0100'}, {'signature_algorithms': '0012040105010601020104030503060302030202'}, {'extended_master_secret': ''}, {'renegotiation_info': '00'}]",528,['www.msn.com']
9,9,6921,842,101,1460,776,0,11,2,"['c028', 'c027', 'c014', 'c013', '009f', '009e', '0039', '0033', '009d', '009c', '003d', '003c', '0035', '002f', 'c02c', 'c02b', 'c024', 'c023', 'c00a', 'c009', '006a', '0040', '0038', '0032', '000a', '0013']","[{'server_name': '001900001671756572792e70726f642e636d732e6d736e2e636f6d'}, {'status_request': '0100000000'}, {'supported_groups': '000400170018'}, {'ec_point_formats': '0100'}, {'signature_algorithms': '0012040105010601020104030503060302030202'}, {'extended_master_secret': ''}, {'renegotiation_info': '00'}]",528,['query.prod.cms.msn.com']
6,6,5695,373,107,1460,866,0,20,3,"['c028', 'c027', 'c014', 'c013', '009f', '009e', '0039', '0033', '009d', '009c', '003d', '003c', '0035', '002f', 'c02c', 'c02b', 'c024', 'c023', 'c00a', 'c009', '006a', '0040', '0038', '0032', '000a', '0013']","[{'server_name': '001900001671756572792e70726f642e636d732e6d736e2e636f6d'}, {'status_request': '0100000000'}, {'supported_groups': '000400170018'}, {'ec_point_formats': '0100'}, {'signature_algorithms': '0012040105010601020104030503060302030202'}, {'extended_master_secret': ''}, {'renegotiation_info': '00'}]",528,['query.prod.cms.msn.com']
